[
    {
        "title": "LinkedIn",
        "url": "https://www.linkedin.com/in/morovovsheiner/"
        
    },
    {
        "title": "Patreon",
        "url": "https://www.patreon.com/c/Azoysheyn",
       
        "subtitle": "Support my work"
    },
    {
        "title": "Boosty — Languages",
        "url": "https://boosty.to/azoysheyn",
        
        "subtitle": "То, же, что и Patreon, но только на русском"
    },
    {
        "title": "Nude Photos — Boosty",
        "url": "https://boosty.to/mmw"
        
    },
    {
        "title": "Поддержать напрямую",
        "url": "https://www.tinkoff.ru/rm/morovov_sheyner.mitya1/rgtWW50856/"
        
    },
    {
        "title": "Photo Portfolio",
        "url": "/projects/photography"
        
    },
    {
        "title": "Telegram-канал про секс",
        "url": "https://t.me/sexprosvetplus"
        
    },
    {
        "title": "Spotify Playlists",
        "url": "/projects/playlists"
        
    },
    {
        "title": "Легко, просто и подкаст про маскулинность",
        "url": "https://www.niceandeasy.me/podcast/79-manliness"
    }
]