[
    {
        "image": "DSC_2175.jpeg",
        "title": "A.K.",
        "category": "color"
    },
    {
        "image": "DSC_9445.jpg",
        "title": "Sasha",
        "category": "color"
    },
    {
        "image": "DSC_2566.jpeg",
        "title": "Tanya",
        "category": "color"
    },
    {
        "image": "DSC_1109.jpg",
        "title": "P.",
        "category": "color"
    },
    {
        "image": "DSC_8742.jpeg",
        "title": "Ksyusha",
        "category": "color"
    },
    {
        "image": "DSC_1232.jpg",
        "title": "P.",
        "category": "color"
    },

    {
        "image": "DSC_0374.jpeg",
        "title": "L.",
        "category": "bw"
    },
        {
        "image": "DSC_1228.jpg",
        "title": "Lera",
        "category": "bw"
    },
    {
        "image": "DSC_0370.jpeg",
        "title": "L.",
        "category": "bw"
    },
    {
        "image": "DSC_5095.jpg",
        "title": "Dasha",
        "category": "bw"
    },
    {
        "image": "DSC_7768_bw.jpg",
        "title": "Dasha",
        "category": "bw"
    },
    {
        "image": "DSC_9411.jpg",
        "title": "Ksyusha",
        "category": "bw"
    },
    

    {
        "image": "DSC_4763.jpeg",
        "title": "M.",
        "category": "neon"
    },
    {
        "image": "DSC_1596.jpg",
        "title": "P.",
        "category": "neon"
    },
    {
        "image": "DSC_5918.jpeg",
        "title": "L.",
        "category": "neon"
    },
    
    {
        "image": "DSC_6507.jpg",
        "title": "Fenek&Manul",
        "category": "nn"
    },
    {
        "image": "DSC_1431.jpg",
        "title": "Nastya",
        "category": "nn"
    },
    {
        "image": "DSC_5059_2.jpg",
        "title": "Dasha",
        "category": "nn"
    }
]