[
    {
      "image": "95-dreaming.jpg",
      "title": "95: Dreaming"
    },
    {
      "image": "94-vee.jpeg",
      "title": "94: Vee"
    },
    {
      "image": "93-sad.jpeg",
      "title": "93: Sad"
    },
    {
      "image": "92-kino.jpeg",
      "title": "92: Kino"
    },
    {
      "image": "91-mark.jpeg",
      "title": "91: Mark"
    },
    {
      "image": "90-rain.jpeg",
      "title": "90: Rain"
    },
    {
      "image": "89-only-ourselves.jpeg",
      "title": "89: Only Ourselves"
    },
    {
      "image": "88-imagesjumprepeat.jpeg",
      "title": "88: Images Jump Repeat"
    },
    {
      "image": "87-mrim-2.jpeg",
      "title": "87: Mrim"
    },
    {
      "image": "86-mariam.jpeg",
      "title": "86: Mariam"
    },
    {
      "image": "85-as-you-do.jpeg",
      "title": "85: As You Do"
    },
    {
      "image": "84-we-will-dance-25-01.jpeg",
      "title": "84: We Will Dance"
    },
    {
      "image": "83-dalton.jpeg",
      "title": "83: Dalton"
    },
    {
      "image": "82-skater.jpeg",
      "title": "82: Skater"
    },
    {
      "image": "81-nolur-gitme-22-01.jpeg",
      "title": "81: Nolur Gitme"
    },
    {
      "image": "80-maneuvering-8-01.jpeg",
      "title": "80: Maneuvering"
    },
    {
      "image": "79-death-birth-7-01.jpeg",
      "title": "79: Death Birth"
    },
    {
      "image": "78-lines-6-01.jpeg",
      "title": "78: Lines"
    },
    {
      "image": "77-cosmic-noise-5-01.jpeg",
      "title": "77: Cosmic Noise"
    },
    {
      "image": "76-cake-4-01.jpeg",
      "title": "76: Cake"
    },
    {
      "image": "75-praise.jpeg",
      "title": "75: Praise"
    },
    {
      "image": "74-faces.jpeg",
      "title": "74: Faces"
    },
    {
      "image": "73-one.jpeg",
      "title": "73: One"
    },
    {
      "image": "72-new.jpeg",
      "title": "72: New"
    },
    {
      "image": "71-metamorphosis.jpeg",
      "title": "71: Metamorphosis"
    },
    {
      "image": "70-part-of-me.jpeg",
      "title": "70: Part Of Me"
    },
    {
      "image": "69-million.jpeg",
      "title": "69: Million"
    },
    {
      "image": "68-samurai.jpeg",
      "title": "68: Samurai"
    },
    {
      "image": "67-xms.jpeg",
      "title": "67: Xmas"
    },
    {
      "image": "66-reasons.jpeg",
      "title": "66: Reasons"
    },
    {
      "image": "65-mykonos.jpeg",
      "title": "65: Mykonos"
    },
    {
      "image": "64-fish.jpeg",
      "title": "64: Fish"
    },
    {
      "image": "63-overwhelmed.jpeg",
      "title": "63: Overwhelmed"
    },
    {
      "image": "62-happy-new-year.jpeg",
      "title": "62: Happy New Year"
    },
    {
      "image": "61-a-peach.jpeg",
      "title": "61: A Peach"
    },
    {
      "image": "60-leftovers.jpeg",
      "title": "60: Leftovers"
    },
    {
      "image": "59-fleas.jpeg",
      "title": "59: Fleas"
    },
    {
      "image": "58-swallow.jpeg",
      "title": "58: Swallow"
    },
    {
      "image": "57-reach-beyond.jpeg",
      "title": "57: Reach Beyond"
    },
    {
      "image": "56-bauhaus.jpeg",
      "title": "56: Bauhaus"
    },
    {
      "image": "55-blossom.jpeg",
      "title": "55: Blossom"
    },
    {
      "image": "54-whirlpools.jpeg",
      "title": "54: Whirlpools"
    },
    {
      "image": "53-elo.jpeg",
      "title": "53: Elo"
    },
    {
      "image": "52-fire-and-ice.jpeg",
      "title": "52: Fire And Ice"
    },
    {
      "image": "51-naked.jpeg",
      "title": "51: Naked"
    },
    {
      "image": "50-deliver-me.jpeg",
      "title": "50: Deliver Me"
    },
    {
      "image": "49-sailing.jpeg",
      "title": "49: Sailing"
    },
    {
      "image": "48-being-eaten.jpeg",
      "title": "48: Being Eaten"
    },
    {
      "image": "47-som-nattfjarilar.jpeg",
      "title": "47: Som Nattfjärilar"
    },
    {
      "image": "46-that-funny-feeling.jpeg",
      "title": "46: That Funny Feeling"
    },
    {
      "image": "45-men-nu-ar-jag-har.jpeg",
      "title": "45: Men nu är jag här"
    },
    {
      "image": "44-angst.jpeg",
      "title": "44: Angst"
    },
    {
      "image": "43-something-different.jpeg",
      "title": "43: Something Different"
    },
    {
      "image": "42-tomato-juice.jpeg",
      "title": "42: Tomato Juice"
    },
    {
      "image": "41-therapy.jpeg",
      "title": "41: Therapy"
    },
    {
      "image": "40-just-one-apple.jpeg",
      "title": "40: Just One Apple"
    },
    {
      "image": "39-buffalo-bill.jpeg",
      "title": "39: Buffalo Bill"
    },
    {
      "image": "38-need-u-now.jpeg",
      "title": "38: Need U Now"
    },
    {
      "image": "37-didntyouhear.jpeg",
      "title": "37: Didn't You Hear"
    },
    {
      "image": "36-dor.jpeg",
      "title": "36: Dor"
    },
    {
      "image": "35-take-care.jpeg",
      "title": "35: Take Care"
    },
    {
      "image": "34-graf.jpeg",
      "title": "34: Graf"
    },
    {
      "image": "33-gameofchess.jpeg",
      "title": "33: Game of Chess"
    },
    {
      "image": "32-tigr.jpeg",
      "title": "32: Tigr"
    },
    {
      "image": "31-with-my-own-eyes.jpeg",
      "title": "31: With My Own Eyes"
    },
    {
      "image": "30-vodovorot.jpeg",
      "title": "30: Vodovorot"
    },
    {
      "image": "29-letmypeoplego.jpeg",
      "title": "29: Let My People Go"
    },
    {
      "image": "28-benotafraid-1.jpeg",
      "title": "28: Be Not Afraid"
    },
    {
      "image": "27-bathers.jpeg",
      "title": "27: Bathers"
    },
    {
      "image": "26-soregaski.jpeg",
      "title": "26: Sore ga ski"
    },
    {
      "image": "25-country-road.jpeg",
      "title": "25: Country Road"
    },
    {
      "image": "24-root.jpeg",
      "title": "24: The Root"
    },
    {
      "image": "23-je-veux-vivre.jpeg",
      "title": "23: Je Veux Vivre"
    },
    {
      "image": "22-goralik-1.jpeg",
      "title": "22: Linor Goralik"
    },
    {
      "image": "21-tw-re-fwd.jpeg",
      "title": "21: TW Re Fwd"
    },
    {
      "image": "20-the-star.jpeg",
      "title": "20: The Star"
    },
    {
      "image": "19-the-sea.jpeg",
      "title": "19: The Sea"
    },
    {
      "image": "18-bisdot.jpeg",
      "title": "18: Bisdot"
    },
    {
      "image": "17-her-hair.jpeg",
      "title": "17: Eliot — Her Hair"
    },
    {
      "image": "16-wuthering-heights.jpeg",
      "title": "Wuthering Heights"
    },
    {
      "image": "15-mono-no-aware.jpeg",
      "title": "15: Mono No Aware"
    },
    {
      "image": "14-wind-eliot.jpeg",
      "title": "14: Eliot - Wind"
    },
    {
      "image": "13-april-eliot.jpeg",
      "title": "13: Eliot - April"
    },
    {
      "image": "12-thunder-eliot.jpeg",
      "title": "12: Eliot - Thunder"
    },
    {
      "image": "11-hyacinth-eliot.jpeg",
      "title": "11: Eliot - Hyacinth"
    },
    {
      "image": "10-sexton.jpeg",
      "title": "10: Anne Sexton"
    },
    {
      "image": "09-eecummings.jpeg",
      "title": "09: E.E. Cummings"
    },
    {
      "image": "08-shirome.jpeg",
      "title": "08: Shirome"
    },
    {
      "image": "07-sappho-1.jpeg",
      "title": "07: Sappho"
    },
    {
      "image": "06-plath-sea.jpeg",
      "title": "06: Sylvia Plath"
    },
    {
      "image": "05-wind-w-samuel-ferrara.jpeg",
      "title": "05: Wind / Samuel Ferrara"
    },
    {
      "image": "04-song-of-songs-1.jpeg",
      "title": "04: Song of Songs"
    },
    {
      "image": "03-waste-land-1.jpeg",
      "title": "03: Waste Land"
    },
    {
      "image": "02-scylla-charybdis.jpeg",
      "title": "02: Scylla & Charybdis"
    },
    {
      "image": "01-margin-warp.jpeg",
      "title": "01: Margin Warp"
    }
  ]