{
    "2025": [
        {
            "title": "Lecture ‘How to Stop Feeling Like an Idiot When Looking Contemporary Art?’",
            "venue": "Auditoria Belgrade"
        }
    ],
    "2024": [
        {
            "title": "Lecture ‘Constructed languages in literature and film’",
            "venue": "Auditoria Belgrade"
        },
        {
            "title": "Lecture ‘Sign languages’",
            "venue": "Dobarabar Belgrade"
        },
        {
            "title": "Lecture ‘Constructed languages’",
            "venue": "Dobarabar Belgrade"
        },
        {
            "title": "Private lecture ‘Landing as a part of visual communication’",
            "venue": "Online"
        },
        {
            "title": "Lecture ‘How I learned the sign languages’",
            "venue": "Kućna conferecija Belgrade"
        }
    ],
    "2023": [
        {
            "title": "Exhibition ‘0_0_zero-zero’",
            "venue": "Kafedra Gallery, Herceg Novi, MN"
        },
        {
            "title": "Public talk ‘That's ok for now’",
            "venue": "Netology"
        },
        {
            "title": "Lecture ‘Sign languages’",
            "venue": "Kulturni Centar, Herceg Novi, MN"
        }
    ],
    "2021": [
        {
            "title": "Public talk for Youth Focus TED by RADA",
            "venue": "Tbilisi, Georgia"
        },
        {
            "title": "Personal Exhibition ‘A — Apple’",
            "venue": "Terminal Gallery, Nizhnij Novgorod"
        },
        {
            "title": "Master-class on Sing language",
            "venue": "Human Library"
        }
    ]
}